Category,Question
Teamwork,Tell me about a time when you had to work closely with a team to achieve a challenging goal.
Teamwork,Describe a situation where you had to collaborate with team members who had different working styles.
Teamwork,How do you contribute to creating a positive team environment?
Teamwork,Share an example of a successful team project you were involved in.
Teamwork,How do you handle situations where a team member is not pulling their weight?
Teamwork,Describe a time when you had to mediate a disagreement within a team.
Teamwork,What strategies do you use to ensure effective team communication?
Teamwork,Tell me about a project where you had to coordinate multiple team members.
Teamwork,How do you support and motivate your teammates?
Teamwork,Describe a situation where you went above and beyond to help a team member.
Communication,How do you ensure that your message is clearly understood by different audiences?
Communication,Describe a challenging communication situation you've navigated successfully.
Communication,Tell me about a time when you had to communicate complex information to a non-technical audience.
Communication,How do you handle miscommunications in a professional setting?
Communication,Give an example of how you adapt your communication style to different people.
Communication,Describe a situation where active listening was crucial to resolving an issue.
Communication,How do you provide constructive feedback to colleagues?
Communication,Tell me about a time when you had to deliver bad news or difficult information.
Communication,What strategies do you use to improve your communication skills?
Communication,Describe a situation where written communication was key to your success.
Conflict Resolution,Tell me about a significant conflict you've experienced in the workplace and how you resolved it.
Conflict Resolution,How do you approach disagreements with colleagues?
Conflict Resolution,Describe a time when you had to mediate a conflict between two team members.
Conflict Resolution,Give an example of how you've turned a potential conflict into a positive outcome.
Conflict Resolution,How do you manage your emotions during a tense professional situation?
Conflict Resolution,Tell me about a time when you had to compromise to resolve a conflict.
Conflict Resolution,Describe a situation where you had to stand your ground professionally.
Conflict Resolution,How do you prevent conflicts from escalating in the workplace?
Conflict Resolution,Give an example of a conflict that helped improve a work process or relationship.
Conflict Resolution,How do you approach giving or receiving criticism constructively?
Problem-Solving,Describe a complex problem you've solved at work.
Problem-Solving,Tell me about a time when you had to think creatively to overcome a challenge.
Problem-Solving,How do you approach solving problems you've never encountered before?
Problem-Solving,Give an example of a time when you identified and resolved an issue before it became significant.
Problem-Solving,Describe your problem-solving process from start to finish.
Problem-Solving,Tell me about a time when your initial approach to solving a problem didn't work.
Problem-Solving,How do you gather and analyze information when faced with a challenging problem?
Problem-Solving,Give an example of a time when you anticipated potential problems and planned accordingly.
Problem-Solving,Describe a situation where you had to solve a problem with limited resources.
Problem-Solving,How do you ensure the solutions you develop are both effective and sustainable?
Personal,Tell me about yourself and what motivates you professionally.
Personal,Where do you see yourself in five years?
Personal,What are your greatest professional strengths and weaknesses?
Personal,Describe a professional goal you're currently working towards.
Personal,How do you maintain a work-life balance?
Personal,Tell me about a significant professional challenge you've overcome.
Personal,What professional development activities have you pursued recently?
Personal,How do you stay motivated during challenging times?
Personal,Describe a moment in your career that you're particularly proud of.
Personal,What are your long-term career aspirations?
Mixed,Mixed category placeholder question.
